policy,episode,seed,total_reward,num_steps,avg_queue_per_step,var_queue,avg_waiting_time,throughput,signal_switches,terminated,truncated,avg_queue_A1,avg_queue_B0,avg_queue_B1,avg_queue_B2,avg_queue_C1
PPO Agent,1,42,-173290.0,500,346.58,3498.01,53464.96,9579,353,False,True,56.92,28.61,159.83,35.77,65.45
PPO Agent,2,100,-175010.0,500,350.02,3574.99,51880.13,9455,342,False,True,54.92,29.68,156.19,42.05,67.19
PPO Agent,3,256,-175427.0,500,350.85,4158.99,53139.23,9397,337,False,True,56.24,31.23,157.4,40.06,65.94
PPO Agent,4,1024,-171530.0,500,343.06,4736.82,45991.36,9649,338,False,True,51.95,34.36,148.89,44.9,62.96
PPO Agent,5,2026,-164104.0,500,328.21,5862.28,40759.11,9955,395,False,True,51.71,29.93,145.86,40.07,60.64
Fixed-Time (30s),1,42,-72418.0,500,144.84,537.5,1515.67,10676,415,False,True,20.88,20.0,62.05,20.88,21.03
Fixed-Time (30s),2,100,-73049.0,500,146.1,565.68,1545.1,10683,415,False,True,21.01,21.09,63.3,20.23,20.47
Fixed-Time (30s),3,256,-72866.0,500,145.73,546.64,1534.57,10612,415,False,True,20.96,19.97,63.34,20.63,20.83
Fixed-Time (30s),4,1024,-72954.0,500,145.91,578.58,1533.96,10653,415,False,True,21.32,20.09,62.75,21.15,20.6
Fixed-Time (30s),5,2026,-74081.0,500,148.16,585.47,1580.6,10667,415,False,True,20.49,21.68,62.46,21.51,22.03
Random,1,42,-80070.0,500,160.14,2003.68,1962.36,13009,1225,False,True,25.03,21.86,61.41,25.19,26.64
Random,2,100,-75725.0,500,151.45,1548.67,1569.65,13054,1248,False,True,24.0,21.79,60.13,20.49,25.03
Random,3,256,-81558.0,500,163.12,2057.59,1817.6,12851,1194,False,True,25.46,25.96,63.85,22.62,25.23
Random,4,1024,-76711.0,500,153.42,1643.42,1656.67,13042,1250,False,True,25.14,23.74,57.3,23.01,24.24
Random,5,2026,-75464.0,500,150.93,1578.39,1563.52,12889,1284,False,True,20.81,26.75,59.25,19.21,24.91
